Date,Open,High,Low,Close,Volume
11-Feb-11,185.56,189.5,185.37,189.25,4497699
10-Feb-11,184.39,187.24,183.6,186.21,5332604
9-Feb-11,183.15,186.47,182.26,185.3,8315841
8-Feb-11,176.66,183.11,176.59,183.06,7802311
7-Feb-11,176.15,177.55,174.77,176.43,5256698
4-Feb-11,174,177.19,173.75,175.93,4352491
3-Feb-11,173.5,174.67,171.95,173.71,3681259
2-Feb-11,171.42,175.2,170.87,173.53,4551448
1-Feb-11,170.52,173.1,169.51,172.11,5089748
31-Jan-11,170.16,171.44,167.41,169.64,6721545
28-Jan-11,171.45,173.71,166.9,171.14,19914851
27-Jan-11,177.48,185,177.31,184.45,14594320
26-Jan-11,177.51,177.89,174.63,175.39,3762167
25-Jan-11,175.5,176.75,174.28,176.7,4653276
24-Jan-11,177.95,178.49,174.15,176.85,5602345
21-Jan-11,183,183.25,176.84,177.42,6812240
20-Jan-11,185.29,186.85,181,181.96,5717568
19-Jan-11,190.9,191,186.21,186.87,3889410
18-Jan-11,188.66,191.6,188.25,191.25,3901726
14-Jan-11,188.75,188.75,188.75,188.75,0
13-Jan-11,183.6,186.45,183.51,185.53,3368768
12-Jan-11,185.36,185.38,183.3,184.08,2679087
11-Jan-11,185.42,186,183.21,184.34,2815814
10-Jan-11,185.04,185.29,182.51,184.68,3376678
7-Jan-11,187.88,188.45,183.74,185.49,5222815
6-Jan-11,186.5,187.41,185.25,185.86,3179610
5-Jan-11,184.1,187.45,184.07,187.42,3418779
4-Jan-11,186.15,187.7,183.78,185.01,5034775
3-Jan-11,181.37,186,181.21,184.22,5333813
31-Dec-10,181.96,182.3,179.51,180,3453895
30-Dec-10,183.92,184.55,182.75,182.75,1961549
29-Dec-10,181.8,184.35,180.41,183.37,3122379
28-Dec-10,182.1,182.77,181.05,181.09,1975718
27-Dec-10,181.9,183.14,180.45,182.14,2249734
23-Dec-10,182.59,182.59,182.59,182.59,0
22-Dec-10,185,185.45,184.11,184.76,2580840
21-Dec-10,183.88,185.65,182.6,184.75,5112753
20-Dec-10,179.27,183.98,178.04,183.29,8735272
17-Dec-10,178.41,178.75,177.02,177.58,4508074
16-Dec-10,175.58,178.3,175.04,178.04,4123222
15-Dec-10,173.72,179,173.59,175.57,5817620
14-Dec-10,174.28,175.76,173.09,173.94,3689528
13-Dec-10,176.33,177.94,173.73,174.25,4206511
10-Dec-10,174.88,175.95,173.36,175.62,3566523
9-Dec-10,177.77,178.11,173.8,174.85,4555974
8-Dec-10,177.49,178.16,175.2,176.29,3735998
7-Dec-10,180.5,181.47,176.57,176.77,5079928
6-Dec-10,175.52,178.43,174.6,178.05,5663482
3-Dec-10,175.5,176.4,174.05,175.68,4909659
2-Dec-10,176.86,177.45,173.92,176.53,5541683
1-Dec-10,179.16,179.32,176,176.55,5778757
30-Nov-10,176.95,177.7,174.9,175.4,6767225
29-Nov-10,179.99,181.84,177.57,179.49,9699540
26-Nov-10,177.36,178.38,176.16,177.2,4272138
24-Nov-10,177.25,177.25,177.25,177.25,0
23-Nov-10,168.61,168.81,164.62,168.2,6472593
22-Nov-10,165.1,170.6,165,170.39,6149610
19-Nov-10,163.95,164.99,162.84,164.82,4466200
18-Nov-10,160.74,165,160.74,164.17,6230844
17-Nov-10,157.84,160.85,157.55,158.35,4527206
16-Nov-10,158.74,160.91,156.77,157.78,6573783
15-Nov-10,165.16,165.35,158.56,158.9,9648534
12-Nov-10,170.12,171.26,165.05,165.68,7167318
11-Nov-10,171,172.05,169.42,170.37,5697867
10-Nov-10,170.59,173.37,169.41,173.33,5450045
9-Nov-10,172.67,173.14,169.06,170.27,3980867
8-Nov-10,170.01,173.2,168.78,171.99,5710955
5-Nov-10,169.35,171.65,168.59,170.77,5218668
4-Nov-10,169.86,172.53,168.4,168.93,7402048
3-Nov-10,165.4,168.61,162.29,168.47,6119680
2-Nov-10,163.75,165.94,163.36,164.61,4264710
1-Nov-10,164.45,164.58,161.52,162.58,5245249
29-Oct-10,165.8,168.5,164.81,165.23,4998465
28-Oct-10,168.31,168.49,165.05,166.84,4688210
27-Oct-10,168.91,169.75,166.54,167.51,5729134
26-Oct-10,167.57,171,167.5,169.95,4693643
25-Oct-10,171.57,171.99,168.32,169,6534224
22-Oct-10,162.45,170.17,162.27,169.13,16322252
21-Oct-10,162.67,166.13,161.29,164.97,13585342
20-Oct-10,158.78,159.87,156.57,158.67,5790387
19-Oct-10,160.68,162.8,157,158.67,7531854
18-Oct-10,165,165.19,161.82,163.56,6338544
15-Oct-10,158.42,164.88,156.75,164.64,10135456
14-Oct-10,155.16,156.95,154.23,155.53,4032909
13-Oct-10,156.69,156.79,153.85,155.17,5637813
12-Oct-10,152.51,156.95,151.4,156.48,5289793
11-Oct-10,154.89,156.63,152.34,153.03,4486390
8-Oct-10,155.18,156.28,152.78,155.55,6922014
7-Oct-10,156.51,157.4,153.39,156.27,4635900
6-Oct-10,160.6,160.68,154.6,155.4,6060796
5-Oct-10,157.08,161.21,157.01,160.87,5620928
4-Oct-10,153.95,155.96,152.79,155.39,5354314
1-Oct-10,157.08,157.44,152.2,153.71,8691126
30-Sep-10,160.01,160.93,155.6,157.06,7606104
29-Sep-10,159.03,161.78,157.75,158.99,7290539
28-Sep-10,159.84,160.88,154.89,159.7,8494910
27-Sep-10,160.22,161.2,157.88,159.37,6453678
24-Sep-10,155.43,160.89,155.42,160.73,10590503
23-Sep-10,151.2,155.92,150.97,152.85,7066939
22-Sep-10,149.84,152.7,149.1,151.83,6618751
21-Sep-10,150.76,153.31,149.6,150.73,7546662
20-Sep-10,148.7,151.95,147.35,151.3,6456145
17-Sep-10,148.9,148.98,146.5,148.32,7262649
16-Sep-10,145.4,148.23,145.16,148.13,5826973
15-Sep-10,144.88,145.62,143.56,145.45,4905675
14-Sep-10,144.5,146.7,143.83,145.75,4323591
13-Sep-10,144.07,145.74,143.76,145.07,5083219
10-Sep-10,140.75,142.6,140.04,142.44,5044666
9-Sep-10,140.39,141.37,139.26,140.38,4966544
8-Sep-10,137.93,139.7,136.45,139.14,5832513
7-Sep-10,137.56,138.6,136.89,137.22,3887333
6-Sep-10,138.79,138.79,138.79,138.79,0
3-Sep-10,136.89,139.5,136.62,138.79,6590809
2-Sep-10,132.17,135.21,132.05,135.21,5407347
1-Sep-10,126.36,132.6,126.17,132.49,7138237
31-Aug-10,122.85,125.9,122.5,124.83,4226620
30-Aug-10,126.03,126.95,123.69,123.79,3430965
27-Aug-10,125.46,126.64,123.68,126.64,5080505
26-Aug-10,127.15,127.49,124.82,124.86,4699222
25-Aug-10,123.85,127.37,123.83,126.85,5346447
24-Aug-10,125.41,125.44,123.75,124.53,5369619
23-Aug-10,127.86,129.22,126.5,126.6,3867811
20-Aug-10,127.2,128.04,126.02,127.76,4172548
19-Aug-10,129.22,130.02,126.82,127.57,5582487
18-Aug-10,129.25,130.81,128.87,129.65,7902371
17-Aug-10,127.34,129.98,127.02,128.86,5045092
16-Aug-10,123.61,127.37,123.61,126.07,4027614
13-Aug-10,126.06,126.88,124.26,124.69,3983580
12-Aug-10,123.76,127,123.75,126.56,4368459
11-Aug-10,128.1,128.12,125.2,125.89,5542390
10-Aug-10,127.95,130,127.38,130,5706813
9-Aug-10,128.46,129.93,127.85,128.83,5087069
6-Aug-10,126.72,128.4,125.9,128.32,5065977
5-Aug-10,126.77,128,125.82,127.83,4282297
4-Aug-10,123.06,128.47,123,127.58,9275063
3-Aug-10,120,122.87,119.68,122.42,5962926
2-Aug-10,119.15,120.38,117.57,120.07,5482619
30-Jul-10,115.53,118.74,114.51,117.89,7083180
29-Jul-10,117.99,118.87,115.52,116.86,6184850
28-Jul-10,117,118.2,116.4,117.13,5472256
27-Jul-10,118.43,118.5,115.07,117.13,7796020
26-Jul-10,118.26,118.6,114.88,118.4,11137741
23-Jul-10,105.92,119.28,105.8,118.87,42421074
22-Jul-10,118.71,120.87,118.02,120.07,15003327
21-Jul-10,120.62,121.25,117.26,117.43,5011618
20-Jul-10,120.61,120.71,117.51,120.1,6785727
19-Jul-10,118.38,120.74,117,119.94,5030817
16-Jul-10,121.28,121.92,118.01,118.49,6227899
15-Jul-10,120.13,122.48,119.26,122.06,6051125
14-Jul-10,123.03,123.75,121.47,123.3,5257540
13-Jul-10,120.69,124.88,120.3,123.65,7091088
12-Jul-10,117.81,119.7,117.32,119.51,4783737
9-Jul-10,116.55,117.4,114.65,117.26,4065036
8-Jul-10,115.02,117.48,114.07,116.22,6776483
7-Jul-10,109.84,113.63,109.81,113.43,4944961
6-Jul-10,110.65,112.53,109,110.06,5219408
5-Jul-10,109.14,109.14,109.14,109.14,0
2-Jul-10,110.92,111.29,108.56,109.14,4477303
1-Jul-10,108.9,111.69,106.7,110.96,8530344
30-Jun-10,108.58,112.68,108.11,109.26,9740934
29-Jun-10,116.26,116.48,106.01,108.61,12866217
28-Jun-10,118.85,120.04,117.1,117.8,5612525
25-Jun-10,118.14,121.76,117.63,121,5770282
24-Jun-10,120.61,120.85,116.8,118.33,7771960
23-Jun-10,122.11,123.22,120.04,121.45,5455131
22-Jun-10,122.65,125.23,121.55,122.31,6207395
21-Jun-10,126.79,127.48,121.41,122.55,5327679
18-Jun-10,126.48,127.48,125.07,125.83,3840699
17-Jun-10,126.74,127.8,124.69,125.89,3480029
16-Jun-10,125.39,127.98,125.36,126.9,3964437
15-Jun-10,123.2,126.92,122.5,126.84,4541551
14-Jun-10,124.24,125.7,123.5,123.83,3922912
11-Jun-10,121.39,123.53,120.29,123.03,4205811
10-Jun-10,120,123.5,119.2,123.21,6061755
9-Jun-10,120.31,121.47,117.36,117.91,7371717
8-Jun-10,122,122,115.8,118.84,11517726
7-Jun-10,125.84,126.61,121.67,122.01,6574503
4-Jun-10,126.33,128.2,122.18,122.77,5497625
3-Jun-10,126.25,129.15,124.85,128.76,5277304
2-Jun-10,124.02,126.43,121.65,126.31,4764623
1-Jun-10,124.97,126.57,123.02,123.24,3659489
31-May-10,125.46,125.46,125.46,125.46,0
28-May-10,126.07,127.6,124.01,125.46,3955852
27-May-10,124.98,126.85,120.6,126.7,4748544
26-May-10,125.05,125.79,122.3,123.21,6968764
25-May-10,118.54,125.19,118.5,124.86,7121633
24-May-10,122.57,124.5,120.65,122.12,4544265
21-May-10,117.9,124.97,117.52,122.72,7968396
20-May-10,122.64,125,118.78,119.71,8594302
19-May-10,125.51,127.93,123.8,124.59,6464521
18-May-10,130.14,131.25,125.51,126.28,5258767
17-May-10,128.24,129.95,125.8,128.91,5642751
14-May-10,130.36,131,126.76,128.53,5277824
13-May-10,133.93,136.99,131,131.47,5940987
12-May-10,131.41,134.13,129.68,133.87,5889622
11-May-10,129.95,133.08,128.47,130.46,6037826
10-May-10,129.73,132.21,129.26,131.29,6806846
7-May-10,127.97,131.18,123.76,124.98,11936041
6-May-10,130,132.33,120.6,128.71,10195596
5-May-10,128,131.61,127.55,130.93,9462155
4-May-10,135.62,135.81,128.38,129.83,12670239
3-May-10,137.2,139.44,136.11,137.49,5662833
30-Apr-10,141.4,141.4,136.91,137.1,6113453
29-Apr-10,140.09,142.45,139.79,141.73,6314873
28-Apr-10,142.59,142.75,138.69,139.35,9236364
27-Apr-10,145.55,146.44,141.11,142.02,8641245
26-Apr-10,143.2,147.73,142.9,147.11,9319997
23-Apr-10,145.38,149.09,142.42,143.63,18981078
22-Apr-10,147.01,151.09,145.88,150.09,15165734
21-Apr-10,145.17,149,143.52,146.43,7374343
20-Apr-10,143.83,144.64,142.1,144.2,4314512
19-Apr-10,142.35,143.67,139.13,142.43,6023117
16-Apr-10,144.88,147.17,141.45,142.17,8401062
15-Apr-10,144.55,147.09,144,145.82,7831717
14-Apr-10,140.34,144.5,139.2,144.28,7900274
13-Apr-10,141.23,141.98,139.12,140.16,4787008
12-Apr-10,140,142.92,139.68,141.2,5446461
9-Apr-10,140.72,141.33,139.07,140.06,6014526
8-Apr-10,134.71,141.25,134.71,140.96,12694329
7-Apr-10,135.96,136.08,133.86,134.87,5947297
6-Apr-10,131.23,136,131.18,135.56,7950439
5-Apr-10,132.85,133.74,130.78,131.49,5817409
2-Apr-10,131.81,131.81,131.81,131.81,0
1-Apr-10,135.8,136.51,131.18,131.81,8787628
31-Mar-10,136,136.8,134.48,135.77,4602196
30-Mar-10,135.74,138.19,135.36,136.58,6202284
29-Mar-10,135.37,136.63,134.33,135.12,4627668
26-Mar-10,134.9,136.99,133.76,135.06,6575480
25-Mar-10,129.14,136.91,128.04,134.73,16212627
24-Mar-10,128.64,129.4,127.2,128.04,4703238
23-Mar-10,130.89,130.94,128.07,129.26,4213607
22-Mar-10,130.2,130.96,128.64,130.47,5383302
19-Mar-10,133.71,133.71,129.66,130.35,8906225
18-Mar-10,131.02,132.85,130.44,132.76,5024120
17-Mar-10,132.41,132.69,131.22,131.34,4358962
16-Mar-10,131.24,132.29,130.5,131.79,4136434
15-Mar-10,131.7,132,128.63,131.13,6329310
12-Mar-10,134.2,134.2,131.18,131.82,6151927
11-Mar-10,130.45,133.62,130.36,133.58,7244668
10-Mar-10,129.11,131.17,128.48,130.51,5627431
9-Mar-10,129.59,130.81,127.97,128.82,6071029
8-Mar-10,128.3,130.85,127.71,130.11,5607327
5-Mar-10,129.13,129.45,127.07,128.91,6771126
4-Mar-10,125.96,128.85,125.57,128.53,7509644
3-Mar-10,125.4,126.94,124.43,125.89,6443021
2-Mar-10,125.01,127.35,124.8,125.53,12098298
1-Mar-10,118.85,124.66,117.53,124.54,13300501
26-Feb-10,117.88,119.43,117,118.4,5721864
25-Feb-10,118.17,118.34,115.85,118.2,9535889
24-Feb-10,117.96,119.8,117.15,119.72,7393039
23-Feb-10,118.01,119.25,116.51,117.24,7069011
22-Feb-10,117.37,118.97,116.18,118.01,6809386
19-Feb-10,117.91,119.09,117,117.52,7117494
18-Feb-10,115.84,118.51,114.82,118.08,9807497
17-Feb-10,117.08,117.13,115.55,116.31,8947449
16-Feb-10,120.06,120.5,117.18,117.53,8938494
15-Feb-10,119.66,119.66,119.66,119.66,0
12-Feb-10,118.99,119.94,117.5,119.66,8075533
11-Feb-10,117.21,120.42,116.5,120.09,8344469
10-Feb-10,118,118.61,116,117.36,6236250
9-Feb-10,118.2,119.09,117,118.03,9227158
8-Feb-10,119.38,121,116.56,116.83,9898391
5-Feb-10,115.88,117.65,114.1,117.39,11027086
4-Feb-10,118.64,120.33,115.74,115.94,12783912
3-Feb-10,117.12,119.61,116.56,119.1,12409012
2-Feb-10,118.79,118.98,114.4,118.12,23084986
1-Feb-10,123.18,124.86,113.82,118.87,37774317
29-Jan-10,129.77,131.85,124.14,125.41,29478976
28-Jan-10,124.43,127.2,122.8,126.03,27293062
27-Jan-10,121.03,123.33,118.8,122.75,14765273
26-Jan-10,120.56,122.98,119.06,119.48,9567607
25-Jan-10,122.1,122.28,118.12,120.31,12031053
22-Jan-10,125.6,127.67,120.76,121.43,11577818
21-Jan-10,127.26,128.15,125,126.62,9976146
20-Jan-10,127.13,129.2,125.08,125.78,9081533
19-Jan-10,126.2,128,124.33,127.61,8900116
18-Jan-10,127.14,127.14,127.14,127.14,0
15-Jan-10,129.18,129.65,127.06,127.14,15382763
14-Jan-10,129.14,130.38,126.4,127.35,9788435
13-Jan-10,127.9,129.71,125.75,129.11,10727856
12-Jan-10,128.99,129.82,126.55,127.35,9098190
11-Jan-10,132.62,132.8,129.21,130.31,8786668
8-Jan-10,130.56,133.68,129.03,133.52,9833829
7-Jan-10,132.01,132.32,128.8,130,11030124
6-Jan-10,134.6,134.73,131.65,132.25,7180977
5-Jan-10,133.43,135.48,131.81,134.69,8856456
4-Jan-10,136.25,136.61,133.14,133.9,7600543
1-Jan-10,134.52,134.52,134.52,134.52,0
31-Dec-09,137.09,137.28,134.52,134.52,4524192
30-Dec-09,138.4,138.4,135.28,136.49,6917416
29-Dec-09,141.29,142.58,138.55,139.41,8405872
28-Dec-09,139.75,141.98,138.53,139.31,8769639
25-Dec-09,138.47,138.47,138.47,138.47,0
24-Dec-09,139.2,139.7,137.54,138.47,5128777
23-Dec-09,134.8,139.05,134.35,138.94,9550603
22-Dec-09,133.76,135.99,132.65,133.75,8257493
21-Dec-09,130.48,133.2,130.19,132.79,9480258
18-Dec-09,127.91,128.79,125.65,128.48,9605358
17-Dec-09,129.36,130.08,126.9,126.91,8482959
16-Dec-09,130.93,131.45,127.65,128.36,10261207
15-Dec-09,130.76,132.46,129.59,130.23,7434131
14-Dec-09,132.5,132.61,129.35,131.38,10022856
11-Dec-09,136.07,136.29,133.2,134.15,8051364
10-Dec-09,132.41,136.19,132.4,135.38,11349588
9-Dec-09,134.6,134.71,129.82,131.31,12632819
8-Dec-09,134.3,136.08,132.87,134.11,8006894
7-Dec-09,138,139,133.84,134.21,7842080
4-Dec-09,143.42,143.45,135.11,137.58,14830864
3-Dec-09,143.62,145.91,140.77,141.17,16523480
2-Dec-09,139.15,142.67,138.96,142.25,11797944
1-Dec-09,136.94,139.35,135.75,138.5,9657579
30-Nov-09,132.19,136.08,132.16,135.91,10127170
27-Nov-09,130.3,133,129.88,131.74,4422567
26-Nov-09,134.03,134.03,134.03,134.03,0
25-Nov-09,133.31,134.2,132.4,134.03,5076447
24-Nov-09,133.57,134.33,132.22,132.94,7319683
23-Nov-09,131.05,133,131,133,6878046
20-Nov-09,127.76,129.99,127.41,129.66,6655545
19-Nov-09,130.54,130.54,128.48,128.99,6000582
18-Nov-09,130.9,131.41,129.53,131.29,5217567
17-Nov-09,131.4,131.85,129.32,131.25,7750892
16-Nov-09,132.12,134.56,130.98,131.59,9018242
13-Nov-09,131.16,132.99,129.75,132.97,7383213
12-Nov-09,129.98,132.15,129.98,130.53,7212653
11-Nov-09,131.08,131.31,128.33,129.91,7435623
10-Nov-09,126.8,130.61,126,130.15,10532558
9-Nov-09,127.11,128.32,125.59,126.67,8633579
6-Nov-09,123,126.98,122.67,126.2,13229961
5-Nov-09,117.46,120.95,116.25,120.61,9091150
4-Nov-09,119,119.25,116.76,117.1,7617909
3-Nov-09,117.67,118.88,116.63,118.37,9481397
2-Nov-09,118.66,119.5,116.71,118.84,11281917
30-Oct-09,121.97,122.9,118.21,118.81,13316374
29-Oct-09,123.9,124.3,120.12,122.58,12820836
28-Oct-09,121.57,125.12,120.76,121.64,16887612
27-Oct-09,122.93,124.26,119.42,122.07,20304181
26-Oct-09,119.21,125.68,118.49,124.64,32271172
23-Oct-09,111.05,119.65,110.62,118.49,58305777
22-Oct-09,93.66,94.1,91.7,93.45,16518488
21-Oct-09,95.27,96.63,92.91,93.42,7761183
20-Oct-09,95.91,96.1,94.27,94.98,7779453
19-Oct-09,95.35,96.28,94.25,94.68,6019074
16-Oct-09,95.3,96.12,93.61,95.32,7040171
15-Oct-09,95.13,97.06,95.08,96.01,6247458
14-Oct-09,96.22,97.82,96.02,97.46,5556728
13-Oct-09,93.83,95.25,93.68,94.83,4721887
12-Oct-09,96.17,96.25,93.07,93.6,5592819
9-Oct-09,95,95.95,94.26,95.71,4696040
8-Oct-09,94.8,96.72,94.23,95.22,9679473
7-Oct-09,91.5,94.48,91.15,93.97,7446537
6-Oct-09,89.33,91.08,88.4,90.91,6964194
5-Oct-09,90.25,90.93,88.27,88.67,7030859
2-Oct-09,90.05,91.14,89.58,89.85,5040763
1-Oct-09,92.5,92.9,90.37,91.04,6645100
30-Sep-09,92.26,94.17,91.43,93.36,8539171
29-Sep-09,91.96,92.33,90.1,91.72,4395119
28-Sep-09,91.04,92.81,90.6,92.21,3508883
25-Sep-09,91.44,92.25,89.75,90.52,4257438
24-Sep-09,92,92.71,90.77,92.11,5078653
23-Sep-09,92.82,94.5,92.22,92.38,5667819
22-Sep-09,91.46,94.19,91.1,93.75,8268508
21-Sep-09,89.69,90.76,88.48,90.56,4211826
18-Sep-09,90.74,91,89.47,90.28,6770503
17-Sep-09,90.75,91.19,89,90.44,7873925
16-Sep-09,85.91,90.98,85.9,90.7,13114218
15-Sep-09,84.17,84.41,82.79,83.55,4453318
14-Sep-09,83.81,84.57,83.46,83.86,3572198
11-Sep-09,84.44,84.9,83.76,84.54,6008763
10-Sep-09,82.33,84.07,82.3,83.85,7024878
9-Sep-09,80.6,82.63,80.5,82.24,6776288
8-Sep-09,79.86,81.04,78.87,80.9,7037954
4-Sep-09,78.27,79.78,77.63,78.87,4672738
3-Sep-09,78.39,78.96,77.51,78.46,4140403
2-Sep-09,79.04,80.15,77.8,78.14,6521511
1-Sep-09,80.74,82.42,79,79.16,6246458
31-Aug-09,81.93,81.95,80.35,81.19,5263745
28-Aug-09,84.78,84.99,82.57,82.76,4620727
27-Aug-09,84.01,84.85,83.14,84.31,3998522
26-Aug-09,84.1,84.76,83.38,84,3613748
25-Aug-09,84.66,86.34,83.95,84.19,4794573
24-Aug-09,85.17,85.59,84.24,84.5,4723379
21-Aug-09,84.78,85.06,83.54,85,6131243
20-Aug-09,82.98,84.35,82.66,84.09,5375542
19-Aug-09,80.91,83,80.49,83,5173178
18-Aug-09,81.41,82.69,80.79,82.12,5884830
17-Aug-09,81.16,81.78,80.25,81.06,6890795
14-Aug-09,84.11,84.17,82.78,83.58,4925497
13-Aug-09,85.72,86.37,84.07,84.6,5714438
12-Aug-09,83.42,86.6,83.38,85.96,5619570
10-Aug-09,85.01,85.47,83.27,84.44,4440909
7-Aug-09,84.1,85.96,84.1,85.32,5628191
6-Aug-09,84.31,84.84,83.05,84.47,4693999
5-Aug-09,85.64,85.75,83.02,84.29,7281546
4-Aug-09,87.48,87.48,84.93,85.8,6180160
3-Aug-09,86.56,88.2,86.56,87.44,6665594
31-Jul-09,85.76,86.75,84.62,85.76,5887769
30-Jul-09,85.64,87.25,85.17,86.09,7257205
29-Jul-09,84.47,85.5,83.52,84.34,6504208
28-Jul-09,83.84,85.64,82.6,84.98,8774874
27-Jul-09,86.24,86.49,83.56,84.24,11282175
24-Jul-09,87.6,88.9,85.5,86.49,19213472
23-Jul-09,89.84,94.4,89.59,93.87,19162086
22-Jul-09,88.65,89.23,87.78,88.79,5329527
21-Jul-09,88.52,89.01,87.4,89.01,7728517
20-Jul-09,86.27,88.88,86.26,88.23,6059709
17-Jul-09,85.8,86.5,85.2,85.85,5061142
16-Jul-09,84.42,86.24,83.72,86.11,5362602
15-Jul-09,83,84.64,82.78,84.55,6340817
14-Jul-09,81.48,82.42,80.42,81.95,4550911
13-Jul-09,78.07,81.65,78.01,81.47,8051114
10-Jul-09,77.52,78.82,76.17,77.63,5976111
9-Jul-09,78.25,78.54,76.82,78.1,6359553
8-Jul-09,76.46,77.93,75.7,77.36,8541112
7-Jul-09,78.53,78.69,75.41,75.63,6491924
6-Jul-09,78.45,78.89,76.54,78.1,7369682
3-Jul-09,79.32,79.32,79.32,79.32,0
2-Jul-09,81.11,81.37,78.51,79.32,7219034
1-Jul-09,84.42,84.5,81.37,81.6,6981982
30-Jun-09,83.62,84.92,82.47,83.66,7985047
29-Jun-09,83.87,84.2,82.41,83.03,6271127
26-Jun-09,81.9,84.14,81.13,83.88,8775789
25-Jun-09,79.1,82.23,79.03,82.2,7359943
24-Jun-09,78,80.53,77.8,79.27,6081398
23-Jun-09,78.97,79.1,76.25,77.68,7415651
22-Jun-09,82.41,82.43,78.56,79.15,9745956
19-Jun-09,82.15,83.46,81.5,82.96,5441504
18-Jun-09,82.81,82.95,81,81.6,5453159
17-Jun-09,82.5,84.3,80.64,82.65,7785114
16-Jun-09,83.7,83.95,81.28,82.15,5466890
15-Jun-09,82.83,83.3,81,83.18,5401783
12-Jun-09,85.03,85.2,82.01,84.08,6223054
11-Jun-09,86.3,87.49,85.05,85.69,5013239
10-Jun-09,87.58,88.56,84.83,86.59,6073764
9-Jun-09,86.93,87.67,86.17,87.08,4476843
8-Jun-09,86.75,87.18,85.11,86.36,5602729
5-Jun-09,86.29,87.95,85.3,87.56,8263699
4-Jun-09,85.42,86.4,84.57,85.52,5465857
3-Jun-09,83.31,85.71,83.13,85.68,7604819
2-Jun-09,82.42,85.45,82.1,84.93,9397696
1-Jun-09,78.21,84.8,77.49,83.05,10799647
29-May-09,77.72,78.01,76.4,77.99,5073328
28-May-09,77.7,79.1,75.88,77.65,4943146
27-May-09,78.51,79.5,76.75,77.1,5568781
26-May-09,75.03,78.48,74.55,78.39,6705208
22-May-09,76.1,77.04,75.02,75.64,3485111
21-May-09,76.75,77.97,75.4,75.96,5641004
20-May-09,78.5,81.11,77.42,77.97,7351038
19-May-09,75.43,78.96,75.12,77.87,8028819
18-May-09,73.96,75.96,73.1,75.95,6829332
15-May-09,74.54,76.21,73.42,73.6,8011614
14-May-09,73.79,76.06,73.31,75.11,9344465
13-May-09,76.25,76.65,74.01,74.19,8773677
12-May-09,78.7,78.97,76.53,77.93,5551172
11-May-09,76.8,79.85,76.01,78.61,6874522
8-May-09,79.69,80.23,76.31,77.95,8194521
7-May-09,82.73,82.75,77.88,79.28,9634072
6-May-09,82.88,83.6,79.66,81.99,8604502
5-May-09,81.01,82,80.19,81.9,5874620
4-May-09,80.26,81.35,78.85,79.77,7027040
1-May-09,80.38,80.38,77.85,78.96,6122810
30-Apr-09,80.93,82.67,79.89,80.52,8542850
29-Apr-09,82.99,82.99,79.26,79.79,9735101
28-Apr-09,82.68,85.35,82.4,82.4,7926273
27-Apr-09,83.88,84.98,82.21,83.12,9708383
24-Apr-09,82.03,86.68,80.73,84.46,23485530
23-Apr-09,81.33,82.06,79.08,80.61,16187647
22-Apr-09,78.17,82.18,77.81,79.2,8775429
21-Apr-09,77.33,79.1,77.29,78.74,7163121
20-Apr-09,78.44,79.79,76.83,77.57,8690862
17-Apr-09,76.78,78.72,75.88,78.05,7428739
16-Apr-09,75.33,77.48,75.16,77.25,7469329
15-Apr-09,75.5,75.81,73.51,74.71,9414387
14-Apr-09,78,79.46,76.94,77.22,6165530
13-Apr-09,79.84,79.97,77.85,78.94,6214392
10-Apr-09,79.77,79.77,79.77,79.77,0
9-Apr-09,77.51,80,77.26,79.77,7082960
8-Apr-09,75.93,77.11,74.57,76.98,5653014
7-Apr-09,76.97,77.08,74.88,75.51,5751060
6-Apr-09,77.26,78.36,76,77.99,5758168
3-Apr-09,76.42,78.32,75.5,78.17,5799105
2-Apr-09,73.63,77.24,73.44,76.34,11069015
1-Apr-09,73.02,75.09,71.71,73.5,7048900
31-Mar-09,72.61,74.5,72.12,73.44,8923797
30-Mar-09,70.4,71.67,69.75,71.44,8378604
27-Mar-09,71.61,72.29,70.1,70.52,8571349
26-Mar-09,73.47,74.98,72.64,73.69,6659748
25-Mar-09,73.09,73.95,69.84,72.4,7897334
24-Mar-09,74.85,75,72.31,72.81,7459484
23-Mar-09,71.36,75.61,70.7,75.58,8613864
20-Mar-09,70.39,70.89,69.08,69.96,8469588
19-Mar-09,71.4,71.91,69.24,70.1,8819453
18-Mar-09,70.97,73.91,70.13,71.25,10404576
17-Mar-09,67.37,71.7,67,71.35,11910404
16-Mar-09,68.56,69.3,66.68,66.98,9437238
13-Mar-09,69.64,69.74,67.53,68.63,8903580
12-Mar-09,68.35,69.87,67.25,69.58,11351809
11-Mar-09,66.24,69.37,65.27,68.54,13891363
10-Mar-09,62.49,65.9,61.78,65.71,15437461
9-Mar-09,62.2,64.03,60.15,60.49,13564557
6-Mar-09,65.2,65.5,59.82,61.69,15094727
5-Mar-09,64.12,65.8,63.6,64.77,11771989
4-Mar-09,62.8,65.79,62.4,64.81,11960837
3-Mar-09,62.75,63.29,61.3,61.7,9697477
2-Mar-09,63.94,65.52,61.51,61.99,10513858
27-Feb-09,61.26,65.08,60.94,64.79,11494196
26-Feb-09,64.12,64.73,62.34,62.34,7276619
25-Feb-09,64.9,65.75,62.82,63.71,9122419
24-Feb-09,61.97,66.1,61.89,65.6,10273856
23-Feb-09,64.16,64.91,61.52,61.71,7336458
20-Feb-09,61.07,64.15,60.84,63.86,9354463
19-Feb-09,62.84,64.18,61.67,61.95,6771257
18-Feb-09,62.27,62.78,60.52,62.35,7367266
17-Feb-09,61.67,62.65,61.18,61.67,7126838
13-Feb-09,63.97,64.68,62.87,63.26,4131523
12-Feb-09,63.25,64.25,61.71,63.96,8098434
11-Feb-09,63.1,64.9,62.25,64.35,8350896
10-Feb-09,66.15,67.23,63.07,63.31,10702601
9-Feb-09,66.56,67.36,65.38,66.71,9445965
6-Feb-09,63.18,67,63.18,66.55,12051276
5-Feb-09,61.15,63.81,60.63,63.18,10172002
4-Feb-09,63.38,63.44,60.83,61.06,13730438
3-Feb-09,60.87,64.2,60,63.59,14696983
2-Feb-09,58.57,62,58.13,61.15,19326536
30-Jan-09,57.36,59.74,57.24,58.82,39789443
29-Jan-09,49.96,51.85,49.14,50,18147983
28-Jan-09,49.72,51.49,48.97,50.36,8060898
27-Jan-09,49.3,50.42,47.72,48.44,8740421
26-Jan-09,50.18,50.89,48.52,49.63,7156982
23-Jan-09,48.9,51.42,48.45,50.63,5801524
22-Jan-09,49.42,50.88,48.26,49.94,7133910
21-Jan-09,49.31,50.69,48.25,50.54,5831711
20-Jan-09,50.75,51.7,48.27,48.44,6767347
16-Jan-09,51.8,52.33,49.53,51.59,8259583
15-Jan-09,48.56,52.23,47.63,51.44,11619769
14-Jan-09,50.1,50.1,48.14,48.49,10452769
13-Jan-09,50.96,53.29,50.75,51.45,7884933
12-Jan-09,54.12,54.3,50.87,51.92,9557314
9-Jan-09,56.92,57,54.7,55.51,6685301
8-Jan-09,54.99,57.32,54.58,57.16,6580585
7-Jan-09,56.29,56.95,55.35,56.2,7942750
6-Jan-09,54.55,58.22,53.75,57.36,11084415
5-Jan-09,55.73,55.74,53.03,54.06,9511716
2-Jan-09,51.35,54.53,51.07,54.36,7296667
1-Jan-09,51.28,51.28,51.28,51.28,0
31-Dec-08,50.74,51.69,49.91,51.28,7792434
30-Dec-08,49.51,51.21,48.74,50.76,6601901
29-Dec-08,51.43,51.77,48.56,49.4,6508845
26-Dec-08,53.79,53.95,51.55,51.78,6850793
25-Dec-08,51.44,51.44,51.44,51.44,0
24-Dec-08,51.66,51.95,51.01,51.44,1649848
23-Dec-08,50.12,51.61,50.12,51.08,5847245
22-Dec-08,51.6,52.15,48.47,49.84,8926146
19-Dec-08,51.59,52.99,50.92,51.56,11058816
18-Dec-08,53,54.85,51.2,52.08,7518601
17-Dec-08,52.26,54.77,51.53,53.18,9186920
16-Dec-08,49.62,52.96,49.29,52.63,8864253
15-Dec-08,50.65,50.95,48.15,48.85,7286552
12-Dec-08,47.52,51.38,47.52,51.25,8667005
11-Dec-08,49.33,50.49,48.17,48.25,7586764
10-Dec-08,51.46,51.5,48.34,49.7,7755032
9-Dec-08,49.81,54.48,49.7,51.25,13321434
8-Dec-08,49.15,52.14,47.36,51.41,10943820
5-Dec-08,45.89,48.49,43.3,48.26,14610244
4-Dec-08,45.94,50.5,45.75,47.32,19790396
3-Dec-08,40.16,45.88,40.05,45.21,15678965
2-Dec-08,41.39,41.71,38.82,41.19,8726257
1-Dec-08,42,43.26,40.38,40.47,11180495
28-Nov-08,44.03,44.1,42.22,42.7,3687472
27-Nov-08,43.96,43.96,43.96,43.96,0
26-Nov-08,40.87,44,40.29,43.96,13444906
25-Nov-08,42.09,42.89,39.61,42.19,13015730
24-Nov-08,38.79,43.44,38.7,42.5,14552647
21-Nov-08,36.39,39,35.72,37.87,15045084
20-Nov-08,35.29,39.72,34.68,35.03,18425739
19-Nov-08,37.97,39,35.75,35.84,12522743
18-Nov-08,39.73,40.66,36.08,38.44,15055101
17-Nov-08,39.91,41.26,39.07,39.69,10713611
14-Nov-08,43.61,44.5,41.5,41.75,11949631
13-Nov-08,41.4,45,38.48,44.93,16938805
12-Nov-08,43.99,45.44,40.9,41.56,14773108
11-Nov-08,47.1,48.06,44.81,46.3,9940491
10-Nov-08,49.98,50.68,46.86,48.46,8986388
7-Nov-08,47.76,49.79,47.01,49.21,7352100
6-Nov-08,49.8,51.04,46.3,47.22,13993700
5-Nov-08,57.47,58,51.62,51.98,11423500
4-Nov-08,57.16,58.73,55.22,58.45,7499300
3-Nov-08,56.35,57.25,55.02,55.77,5941200
31-Oct-08,56.01,57.25,55.01,57.24,8354200
30-Oct-08,58.76,59.89,55.08,56.71,11034100
29-Oct-08,55.53,59.79,54.52,56.89,15101600
28-Oct-08,51.5,56.3,49.07,56.04,14601800
27-Oct-08,49,52.59,48.43,49.58,11609700
24-Oct-08,44.75,52.32,44.5,48.96,19333000
23-Oct-08,43.37,50.91,43.31,50.32,31995000
22-Oct-08,50.05,52.47,47.9,49.99,15742300
21-Oct-08,51.86,52.95,49.92,50.23,8518600
20-Oct-08,52.17,53.1,49.91,52.97,8355700
17-Oct-08,48.83,62.33,48.41,50.65,12743200
16-Oct-08,46.4,50.7,43.39,50.29,21758300
15-Oct-08,54.46,54.69,48.35,48.72,15822100
14-Oct-08,63.5,64,54.8,55.86,16892400
13-Oct-08,58.96,62.21,57.37,62.02,11033200
10-Oct-08,52.99,59.75,51.05,56.25,17550300
9-Oct-08,61.97,63.5,56,56,13827500
8-Oct-08,55.64,62.75,55.35,61.02,14140800
7-Oct-08,65.79,66.43,58.5,58.52,12394200
6-Oct-08,64.06,65.89,60.47,65.23,13213800
3-Oct-08,69.42,70.95,66.59,67,10956300
2-Oct-08,67.63,68.96,65.41,67.36,8544100
1-Oct-08,71.78,71.99,68.41,69.58,9468000
30-Sep-08,65.84,73.12,65.32,72.76,12682600
29-Sep-08,68.41,69.37,61.32,63.35,11683400
26-Sep-08,69.52,71.05,68.08,70.7,6684000
25-Sep-08,70.66,72.75,70.01,72.08,5964800
24-Sep-08,72.3,73.65,68.94,69.96,9245700
23-Sep-08,75.79,76.29,70.77,71.76,8486500
22-Sep-08,81.13,81.63,74.32,74.93,6807600
19-Sep-08,80.12,86.77,76.5,81,13242700
18-Sep-08,73.08,77.5,70.08,76.5,12275700
17-Sep-08,77.68,78.24,71.24,71.54,13097500
16-Sep-08,76.8,79.63,76.67,78.73,12930800
15-Sep-08,76.86,79.88,76.3,77.34,8878700
12-Sep-08,78.81,79.6,76.62,78.3,6384300
11-Sep-08,75.27,79.8,75.1,79.51,7657100
10-Sep-08,80.01,80.22,76.15,76.74,9286400
9-Sep-08,80.76,81.96,78.99,79.04,5734900
8-Sep-08,82.25,83.75,78.85,81.16,9323100
5-Sep-08,77.34,80.72,77.08,79.19,8006800
4-Sep-08,80.6,80.81,78.02,78.03,8286400
3-Sep-08,81.4,82,80.02,80.77,5710500
2-Sep-08,83.16,84.5,81.21,81.41,5907100
29-Aug-08,82.9,82.9,80.5,80.81,4603500
28-Aug-08,82.21,83.65,81.8,83.42,7777800
27-Aug-08,81.44,82.74,81,81.73,5515400
26-Aug-08,82.74,83.12,81.25,81.76,3449500
25-Aug-08,84.63,84.64,82.45,82.85,4262200
22-Aug-08,84.27,85.46,83.93,85.26,4530900
21-Aug-08,81.41,83.77,80.98,83.26,6073300
20-Aug-08,82,83.25,81.2,82.13,5825200
19-Aug-08,83.09,83.51,81.06,81.29,6557800
18-Aug-08,86.09,86.28,83.04,83.11,6415000
15-Aug-08,88.28,89.53,86.26,86.4,6830000
14-Aug-08,85.71,88.75,85.22,88.03,6689100
13-Aug-08,86.28,88.25,84.54,86.69,7197100
12-Aug-08,87.32,88.48,86.1,87.25,7868500
11-Aug-08,80.18,91.75,79.78,88.09,24926400
8-Aug-08,76.78,81.21,76.29,80.51,9072200
7-Aug-08,77.01,78.05,76,76.95,5341700
6-Aug-08,78.55,78.63,76.73,78.09,6210500
5-Aug-08,76.92,79.52,76.52,79.11,7718800
4-Aug-08,75.99,77.3,75.01,75.71,4379500
1-Aug-08,76.36,76.49,74.05,75.75,4660700
31-Jul-08,76.75,78.17,76.1,76.34,5162400
30-Jul-08,78.36,79.85,76.42,78.21,7533700
29-Jul-08,76.49,78.8,76.16,78.21,6582600
28-Jul-08,77.09,78.31,74.86,75.98,10239200
25-Jul-08,79.63,80.94,78.12,78.31,8689300
24-Jul-08,76.3,82.38,76.29,78.72,29706900
23-Jul-08,67.46,72.07,67.46,70.54,10528200
22-Jul-08,67.09,69.14,65.88,67.97,8522900
21-Jul-08,69.52,69.8,66.3,68.48,6801600
18-Jul-08,69.94,70.84,68.4,69.12,7832600
17-Jul-08,71.2,72.38,67.74,72.11,9283200
16-Jul-08,66.94,72.75,66.84,71.84,11688600
15-Jul-08,65.87,68.62,62.99,67.03,11114900
14-Jul-08,69.31,69.5,65.59,66.28,8977000
11-Jul-08,69.4,69.99,66.74,68.54,7858000
10-Jul-08,70.7,71.77,67.99,70.63,9760800
9-Jul-08,74.56,74.9,70.48,70.61,6764800
8-Jul-08,72.38,75.49,71.75,75.04,7741800
7-Jul-08,72.37,74.4,70.76,72.49,7220000
3-Jul-08,72.51,73.84,70.52,72,4223100
2-Jul-08,74.16,74.41,71.38,71.44,6662600
1-Jul-08,72.24,74.23,70.52,73.62,10121500
30-Jun-08,75.03,76.12,73.21,73.33,6889600
27-Jun-08,75.59,76.07,72.62,74.66,11347700
26-Jun-08,79.1,79.89,76,76.3,10399100
25-Jun-08,80.45,82.15,79.52,80.51,6892400
24-Jun-08,79.55,80.79,77.63,79.64,7081100
23-Jun-08,81.3,82.15,79.55,80.68,7303900
20-Jun-08,83.1,83.46,80.51,81.1,5802000
19-Jun-08,82.21,84.47,81.5,84.26,6680200
18-Jun-08,82,83.17,81.32,82.52,6753300
17-Jun-08,83.15,84.3,82.8,82.97,8683200
16-Jun-08,78.42,82.53,78.41,81.7,5674900
13-Jun-08,76.7,80,76.7,79.17,5851000
12-Jun-08,78.02,79.05,75.01,76.15,6076300
11-Jun-08,79.35,80,77.03,77.28,5821600
10-Jun-08,78.2,81.04,78.2,79.62,5867900
9-Jun-08,81.19,81.53,78.12,79.43,5934500
6-Jun-08,83.24,83.64,80.56,80.63,7819500
5-Jun-08,82.11,84.88,81.8,84.51,8833400
4-Jun-08,80.11,81.82,79.72,81.5,6404900
3-Jun-08,80.71,81.89,79.26,80.11,5792700
2-Jun-08,81.15,81.57,80.05,80.23,6117900
30-May-08,80.58,81.77,80.3,81.62,5136500
29-May-08,80.61,81.96,80.17,80.35,6707800
28-May-08,80.73,80.79,78.99,80.08,6626500
27-May-08,78.26,80.9,77.97,80.62,9939100
23-May-08,78.55,78.87,77.43,78.35,6026200
22-May-08,78.68,79.69,78,79.26,5353700
21-May-08,80.37,81.15,77.5,78.3,6971400
20-May-08,82.17,82.7,80.03,80.72,7769900
19-May-08,79.01,84.75,78.86,82.29,18285600
16-May-08,76.42,76.83,74.86,76.46,6135500
15-May-08,73.89,76.32,73.55,76.12,6871500
14-May-08,74.92,75.75,73.98,74.2,4474000
13-May-08,74.57,74.96,73.31,74.56,4923300
12-May-08,73,74.93,71.78,74.53,7142900
9-May-08,72.2,73.34,71.66,72.41,4163700
8-May-08,73.73,74.16,71.56,72.79,8069700
7-May-08,75.26,76.64,73.09,73.18,8152100
6-May-08,75.51,76.77,75.05,75.71,6346500
5-May-08,77.27,77.77,75.87,75.92,5528000
2-May-08,80.3,81.2,76.4,77.31,8054400
1-May-08,78.4,80.01,77.97,79.36,7153000
30-Apr-08,80.9,81.34,77.92,78.63,7712400
29-Apr-08,81.42,81.77,79.86,80.74,6641600
28-Apr-08,80.64,82.5,80.12,81.97,10714300
25-Apr-08,77.81,81.32,77.26,80.86,9353400
24-Apr-08,77.71,80.53,76.93,77.69,19892800
23-Apr-08,80.3,82.64,78.74,81,12962000
22-Apr-08,79.94,79.94,77.54,79.6,6944800
21-Apr-08,80.03,81.34,79.06,80.18,9239300
18-Apr-08,76.48,82,76.32,80.1,16542200
17-Apr-08,74.18,75.02,73.61,74.04,6062400
16-Apr-08,73.02,75,72.94,74.59,6643800
15-Apr-08,72.97,73.98,70.65,72.5,6709500
14-Apr-08,71.7,74,71.29,72.61,4299700
11-Apr-08,73.84,74.3,71.62,71.99,5343200
10-Apr-08,74.48,75.49,72.73,74.83,6150600
9-Apr-08,76.56,76.67,73.66,74.39,6594400
8-Apr-08,76.4,77.61,75.5,77.3,4850600
7-Apr-08,77.36,78.43,76,76.9,6474600
4-Apr-08,75.26,77.83,74.28,76.87,6936000
3-Apr-08,75.15,76.01,73.81,74.94,7970800
2-Apr-08,77.08,79,76.12,77.37,8377600
1-Apr-08,72.99,77.09,72.76,76.7,9612500
31-Mar-08,70.25,71.64,69.63,71.3,5416700
28-Mar-08,71,72.21,69.26,69.76,5075000
27-Mar-08,74.37,74.69,70.8,70.8,7893900
26-Mar-08,74.14,75.12,73.24,73.8,5950700
25-Mar-08,75.83,76.29,74.05,75.17,6224600
24-Mar-08,73.82,76.93,72.75,75.95,8382200
20-Mar-08,70.17,73.49,69.38,73.19,10950800
19-Mar-08,71.1,74,70.17,70.17,10712700
18-Mar-08,68.25,71.93,67.59,71.7,9427400
17-Mar-08,65.72,67.79,64.92,66.53,9588500
14-Mar-08,68.61,70.68,66.06,68.22,12356800
13-Mar-08,65.11,69.55,64.37,68.32,10451800
12-Mar-08,66.77,68.23,65.64,66.51,7659500
11-Mar-08,65.95,67.17,63.71,67.15,9592100
10-Mar-08,63.9,65.15,62.91,63.47,8789000
7-Mar-08,62.2,64.87,62.01,64.09,10318000
6-Mar-08,64.75,65.46,62.5,62.74,8269900
5-Mar-08,65.66,66.34,63.82,64.99,10996000
4-Mar-08,61.67,66.6,61.23,65.34,16476200
3-Mar-08,63.59,64.49,61.2,62.43,13545300
29-Feb-08,67.01,67.5,63.97,64.47,11521900
28-Feb-08,70.3,70.6,67.11,67.85,13097800
27-Feb-08,70.68,71.48,69.57,70.87,8834700
26-Feb-08,71.91,73.5,70.28,71.69,9279500
25-Feb-08,72.35,73.5,71.41,73.27,7745100
22-Feb-08,70.54,72.21,69.86,72.08,12208700
21-Feb-08,73.94,74.21,69.37,69.9,12180500
20-Feb-08,71.9,73.88,71.1,73.64,6363300
19-Feb-08,73.54,74,71.55,72.08,6829900
15-Feb-08,75,75.19,71.94,72.96,11029100
